<?xml version="1.0" encoding="UTF-8"?>
<LimexGUITest name="test1"
              url="https://riskqsu.internal.unicreditgroup.eu/trarisk"
              user="kone"
              password=""
>
    <!--Average Piecewise Function (PREDEAL_CHECK_GUI_TARF_PIECEWISE_FUNCTION serve la funzione esatta)

    Action menu="PreDeal/PreDeal Check">
        <Navigator frame="Root.Down/navi">
            <Set name="PREDEAL_CHECK_SOURCE_ID">HVB MANUAL</Set>
            <Set name="PREDEAL_CHECK_PA_TYPE_ID">120</Set>
        </Navigator>
        <Assert frame="Root.Down/navi">
            <Text selectorcss="td.green strong">FXO-TARF/TARN</Text>
            <Message>Missing product title on content panel </Message>
        </Assert>
        <Assert frame="Root.Down/navi">
            <Input name="PREDEAL_CHECK_CURRENCY_NODE_ID"/>
        </Assert>
        <Navigator frame="Root.Down/navi">
        </Navigator>
    </Action-->
</LimexGUITest>