<?xml version="1.0" encoding="UTF-8"?>
<LimexGUITest name="test1"
              url="https://riskqsu.internal.unicreditgroup.eu/trarisk"
              user="kone"
              password=""
>
    <!--Error in mapping
        java.lang.NullPointerException

    Action menu="PreDeal/PreDeal Check">
    <Navigator frame="Root.Down/navi">
        <Set name="PREDEAL_CHECK_SOURCE_ID">HVB MANUAL</Set>
        <Set name="PREDEAL_CHECK_PA_TYPE_ID">123</Set>
    </Navigator>
    <Assert frame="Root.Down/navi">
        <Text selectorcss="td.green strong">IR-Futures</Text>
        <Message>Missing product title on navigator panel </Message>
    </Assert>
    <Navigator frame="Root.Down/navi">
        <Set name="PREDEAL_CHECK_TRADE_NOMINAL">100</Set>
        <Set name="PREDEAL_CHECK_END_DATE">$today + 2y</Set>
        <Set name="PREDEAL_CHECK_FO_FOLDER_ID">799209</Set>
        <Set name="B.SUBCOMMAND=PDC"/>
    </Navigator>
    <Assert frame="Root.Down/cont">
        <Text anywhere="true">IR-Future Option</Text>
        <Message>Missing product title on content panel </Message>
    </Assert>
</Action-->
</LimexGUITest>