<?xml version="1.0" encoding="UTF-8"?>
<beans xmlns="http://www.springframework.org/schema/beans" 
	  xmlns:xsi="http://www.w3.org/2001/XMLSchema-instance"
      xmlns:context="http://www.springframework.org/schema/context"
	  xmlns:util="http://www.springframework.org/schema/util" 
      xsi:schemaLocation="http://www.springframework.org/schema/beans
      					  http://www.springframework.org/schema/beans/spring-beans-3.1.xsd
      					  http://www.springframework.org/schema/context
      					  http://www.springframework.org/schema/context/spring-context-3.1.xsd
      					  http://www.springframework.org/schema/util 
      					  http://www.springframework.org/schema/util/spring-util-3.1.xsd"
>
  <context:component-scan base-package="com.domux.center" />
  <context:property-placeholder location="classpath:domux.properties"/> 
  <!-- <constructor-arg value="E:/EclipseWS/XframeDefWS/domuxCenter/src/main/webapp/database.xml" /> -->
  <bean id="monitor" class="com.domux.center.monitoring.MonitorEventImpl" destroy-method="shutdown">
  	<constructor-arg value="${events.filepath:#{servletContext.getRealPath('')}/WEB-INF/events.txt}" />
  	<constructor-arg value="${events.queueSizeRetention:200}" />
  	<constructor-arg value="${events.queueFrequencyStore:60}" />
  	<constructor-arg value="${events.minQueueSizeRetention:50}" />
  </bean>
  <bean id="xmlDb" class="com.domux.center.database.phyimpl.xml.XmlContainer">
  	<constructor-arg value="${database.filepath:#{servletContext.getRealPath('')}/WEB-INF/domuxDatabase.xml}" />
  </bean>
  <bean id="db" class="com.domux.center.database.DomuxDataBase">
	<property name="phydb" ref="xmlDb"/>
  </bean>
  <bean id="devman" class="com.domux.center.devices.DeviceManagerImpl">
    <constructor-arg ref="monitor" />
   	<constructor-arg value="${serial.port:COM7}" />
   	<constructor-arg value="${serial.baudrate:57600}" />
  </bean>  
  <bean id="controlCenter" class="com.domux.center.ControlCenter" destroy-method="shutdown">
    <constructor-arg ref="db" />
    <constructor-arg ref="devman" />
    <constructor-arg ref="monitor" />
    <constructor-arg ref="monitor" />
  </bean>
  <bean id="multipartResolver" class="org.springframework.web.multipart.commons.CommonsMultipartResolver">
  </bean>
</beans>