<?xml version="1.0" encoding="UTF-8" ?>
<Configuration status="WARN">
  <Appenders>
    <Console name="Console" target="SYSTEM_OUT">
      <!--<PatternLayout pattern="Domux %d: %-5level %logger{40}:%L,%M,%C.%l - %msg%n"/>-->
      <PatternLayout pattern="Domux %d{HH:mm:ss.SSS} [%t] %-5level %l - %msg%n"/>
      <!--PatternLayout pattern="JOP %d   : %5L %-20C{1}:%20M : %m%n"/-->
    </Console>
  </Appenders>
  <Loggers>
    <Root level="debug">
      <AppenderRef ref="Console"/>
    </Root>
  </Loggers>
</Configuration>